{"ok":true,"d":{"t":1,"p":1,"s":10,"c":[{"transactionId":"de3d94ae-88ab-4963-9f60-f2ebedb5d811","userId":1662444109189,"betAmount":10.000000000000000000,"winAmount":0.0,"betType":"DOWN","tradeType":null,"currencyType":"BTC","result":"OPEN","basePrice":18774.380000000000000000,"closePrice":null,"createdDatetime":1662531828133}]}}